"FullName","Length"
"C:\Users\Zakaria\Downloads\Classes\PROJECTE II (Curs 10)\EchoesOfSlumber\assets\audio\fx\tirachinas.wav","78470"
"C:\Users\Zakaria\Downloads\Classes\PROJECTE II (Curs 10)\EchoesOfSlumber\assets\audio\fx\ui_titlecard_pt_1.wav","820558"
"C:\Users\Zakaria\Downloads\Classes\PROJECTE II (Curs 10)\EchoesOfSlumber\assets\audio\fx\ui_titlecard_pt_2.wav","1457486"
"C:\Users\Zakaria\Downloads\Classes\PROJECTE II (Curs 10)\EchoesOfSlumber\assets\audio\music\Game-Menu.wav","12073160"
"C:\Users\Zakaria\Downloads\Classes\PROJECTE II (Curs 10)\EchoesOfSlumber\assets\audio\music\level-iv-339695.wav","20155470"
"C:\Users\Zakaria\Downloads\Classes\PROJECTE II (Curs 10)\EchoesOfSlumber\assets\maps\Checkpoint.tsx","696"
"C:\Users\Zakaria\Downloads\Classes\PROJECTE II (Curs 10)\EchoesOfSlumber\assets\maps\assets animats level 1\SS_Asset 16.png","16718310"
"C:\Users\Zakaria\Downloads\Classes\PROJECTE II (Curs 10)\EchoesOfSlumber\assets\maps\assets animats level 1\SS_Asset 23.png","2015980"
"C:\Users\Zakaria\Downloads\Classes\PROJECTE II (Curs 10)\EchoesOfSlumber\assets\maps\assets animats level 1\SS_Asset 24.png","2628781"
"C:\Users\Zakaria\Downloads\Classes\PROJECTE II (Curs 10)\EchoesOfSlumber\assets\maps\assets animats level 1\SS_Asset 25.png","1802337"
"C:\Users\Zakaria\Downloads\Classes\PROJECTE II (Curs 10)\EchoesOfSlumber\assets\maps\assets animats level 1\SS_Asset 26.png","652421"
"C:\Users\Zakaria\Downloads\Classes\PROJECTE II (Curs 10)\EchoesOfSlumber\assets\maps\assets animats level 1\SS_Asset 27.png","98914"
"C:\Users\Zakaria\Downloads\Classes\PROJECTE II (Curs 10)\EchoesOfSlumber\assets\maps\assets animats level 1\SS_Asset 28.png","550859"
"C:\Users\Zakaria\Downloads\Classes\PROJECTE II (Curs 10)\EchoesOfSlumber\assets\maps\assets animats level 1\SS_Asset 29.png","1517438"
"C:\Users\Zakaria\Downloads\Classes\PROJECTE II (Curs 10)\EchoesOfSlumber\assets\maps\assets animats level 1\SS_Asset 30.png","2254184"
"C:\Users\Zakaria\Downloads\Classes\PROJECTE II (Curs 10)\EchoesOfSlumber\assets\maps\assets animats level 1\SS_Asset 31.png","2441206"
"C:\Users\Zakaria\Downloads\Classes\PROJECTE II (Curs 10)\EchoesOfSlumber\assets\maps\assets animats level 1\SS_Asset 32.png","1815743"
"C:\Users\Zakaria\Downloads\Classes\PROJECTE II (Curs 10)\EchoesOfSlumber\assets\maps\assets animats level 1\SS_Asset 33.png","1997096"
"C:\Users\Zakaria\Downloads\Classes\PROJECTE II (Curs 10)\EchoesOfSlumber\assets\maps\assets animats level 1\SS_Asset 34.png","960552"
"C:\Users\Zakaria\Downloads\Classes\PROJECTE II (Curs 10)\EchoesOfSlumber\assets\maps\assets animats level 1\SS_Asset 36.png","86465"
"C:\Users\Zakaria\Downloads\Classes\PROJECTE II (Curs 10)\EchoesOfSlumber\assets\maps\assets animats level 1\SS_Asset 37.png","2826595"
"C:\Users\Zakaria\Downloads\Classes\PROJECTE II (Curs 10)\EchoesOfSlumber\assets\maps\assets animats level 1\SS_Asset 38.png","866664"
"C:\Users\Zakaria\Downloads\Classes\PROJECTE II (Curs 10)\EchoesOfSlumber\assets\maps\assets animats level 1\SS_Asset 39.png","2002081"
"C:\Users\Zakaria\Downloads\Classes\PROJECTE II (Curs 10)\EchoesOfSlumber\assets\maps\assets animats level 1\SS_Asset 40.png","2237265"
"C:\Users\Zakaria\Downloads\Classes\PROJECTE II (Curs 10)\EchoesOfSlumber\assets\maps\assets animats level 1\SS_Asset 41.png","2562453"
"C:\Users\Zakaria\Downloads\Classes\PROJECTE II (Curs 10)\EchoesOfSlumber\assets\maps\assets animats level 1\SS_Asset 42.png","1837432"
"C:\Users\Zakaria\Downloads\Classes\PROJECTE II (Curs 10)\EchoesOfSlumber\assets\maps\assets animats level 2\SS_Asset 16.png","1838579"
"C:\Users\Zakaria\Downloads\Classes\PROJECTE II (Curs 10)\EchoesOfSlumber\assets\maps\Assets level 1\Pedrolo 1.png","1149053"
"C:\Users\Zakaria\Downloads\Classes\PROJECTE II (Curs 10)\EchoesOfSlumber\assets\maps\Assets level 1\Pedrolo 2.png","630813"
"C:\Users\Zakaria\Downloads\Classes\PROJECTE II (Curs 10)\EchoesOfSlumber\assets\maps\Assets level 1\Pedrolo 3.png","546675"
"C:\Users\Zakaria\Downloads\Classes\PROJECTE II (Curs 10)\EchoesOfSlumber\assets\maps\Assets level 1\Pedrolo 4.png","778755"
"C:\Users\Zakaria\Downloads\Classes\PROJECTE II (Curs 10)\EchoesOfSlumber\assets\maps\Assets level 1\Pedrolo 5.png","383534"
"C:\Users\Zakaria\Downloads\Classes\PROJECTE II (Curs 10)\EchoesOfSlumber\assets\maps\Assets Level 2\AS_fondo_01_background.png","323124"
"C:\Users\Zakaria\Downloads\Classes\PROJECTE II (Curs 10)\EchoesOfSlumber\assets\maps\Assets Level 2\AS_fondo_01_middleground.png","2917223"
"C:\Users\Zakaria\Downloads\Classes\PROJECTE II (Curs 10)\EchoesOfSlumber\assets\maps\Assets Level 2\AS_fondo_02_background.png","260174"
"C:\Users\Zakaria\Downloads\Classes\PROJECTE II (Curs 10)\EchoesOfSlumber\assets\maps\Assets Level 2\AS_fondo_02_middleground.png","2518566"
"C:\Users\Zakaria\Downloads\Classes\PROJECTE II (Curs 10)\EchoesOfSlumber\assets\maps\Assets Level 2\AS_fondo_03_background.png","174960"
"C:\Users\Zakaria\Downloads\Classes\PROJECTE II (Curs 10)\EchoesOfSlumber\assets\maps\Assets Level 2\AS_fondo_03_middleground.png","1473447"
"C:\Users\Zakaria\Downloads\Classes\PROJECTE II (Curs 10)\EchoesOfSlumber\assets\maps\Nivell 1\Assets fondo1.PNG","228753"
"C:\Users\Zakaria\Downloads\Classes\PROJECTE II (Curs 10)\EchoesOfSlumber\assets\maps\Nivell 1\AssetsDecoracion.png","691593"
"C:\Users\Zakaria\Downloads\Classes\PROJECTE II (Curs 10)\EchoesOfSlumber\assets\maps\Nivell 1\AS_fondo_lejano_01.png","13060418"
"C:\Users\Zakaria\Downloads\Classes\PROJECTE II (Curs 10)\EchoesOfSlumber\assets\maps\Nivell 1\AS_fondo_lejano_02.png","1907021"
"C:\Users\Zakaria\Downloads\Classes\PROJECTE II (Curs 10)\EchoesOfSlumber\assets\maps\Nivell 1\AS_fondo_lejano_03.png","3076931"
"C:\Users\Zakaria\Downloads\Classes\PROJECTE II (Curs 10)\EchoesOfSlumber\assets\maps\Nivell 1\AS_fondo_lejano_04.png","23472582"
"C:\Users\Zakaria\Downloads\Classes\PROJECTE II (Curs 10)\EchoesOfSlumber\assets\maps\Nivell 1\AS_Pedresgrans.png","3812912"
"C:\Users\Zakaria\Downloads\Classes\PROJECTE II (Curs 10)\EchoesOfSlumber\assets\maps\Nivell 1\AS_plantas_01.PNG","446872"
"C:\Users\Zakaria\Downloads\Classes\PROJECTE II (Curs 10)\EchoesOfSlumber\assets\maps\Nivell 1\AS_plantas_02.png","366031"
"C:\Users\Zakaria\Downloads\Classes\PROJECTE II (Curs 10)\EchoesOfSlumber\assets\maps\Nivell 1\AS_plantas_03.png","254117"
"C:\Users\Zakaria\Downloads\Classes\PROJECTE II (Curs 10)\EchoesOfSlumber\assets\maps\Nivell 1\AS_Stalactites.png","2279099"
"C:\Users\Zakaria\Downloads\Classes\PROJECTE II (Curs 10)\EchoesOfSlumber\assets\maps\Nivell 1\AS_suelo_01.PNG","583785"
"C:\Users\Zakaria\Downloads\Classes\PROJECTE II (Curs 10)\EchoesOfSlumber\assets\maps\Nivell 1\F_Nivell_1.1.png","1109275"
"C:\Users\Zakaria\Downloads\Classes\PROJECTE II (Curs 10)\EchoesOfSlumber\assets\maps\Nivell 1\ReferenciaFondo.png","4746560"
"C:\Users\Zakaria\Downloads\Classes\PROJECTE II (Curs 10)\EchoesOfSlumber\assets\maps\Nivell 1\referenciaMapa.png","33468798"
"C:\Users\Zakaria\Downloads\Classes\PROJECTE II (Curs 10)\EchoesOfSlumber\assets\maps\Nivell 1\AssetsDecoracion\Deco 28.png","208499"
"C:\Users\Zakaria\Downloads\Classes\PROJECTE II (Curs 10)\EchoesOfSlumber\assets\maps\Nivell 1\AssetsDecoracion\Deco 29.png","95483"
"C:\Users\Zakaria\Downloads\Classes\PROJECTE II (Curs 10)\EchoesOfSlumber\assets\maps\Nivell 1\AssetsDecoracion\Deco 30.png","8937"
"C:\Users\Zakaria\Downloads\Classes\PROJECTE II (Curs 10)\EchoesOfSlumber\assets\maps\Nivell 1\AssetsDecoracion\Deco 31.png","12821"
"C:\Users\Zakaria\Downloads\Classes\PROJECTE II (Curs 10)\EchoesOfSlumber\assets\maps\Nivell 1\AssetsDecoracion\Deco 32.png","157996"
"C:\Users\Zakaria\Downloads\Classes\PROJECTE II (Curs 10)\EchoesOfSlumber\assets\maps\Nivell 1\AssetsDecoracion\Deco 33.png","164045"
"C:\Users\Zakaria\Downloads\Classes\PROJECTE II (Curs 10)\EchoesOfSlumber\assets\maps\Nivell 1\AssetsDecoracion\Deco 34.png","87749"
"C:\Users\Zakaria\Downloads\Classes\PROJECTE II (Curs 10)\EchoesOfSlumber\assets\maps\Nivell 1\AssetsDecoracion\Deco 35.png","40882"
"C:\Users\Zakaria\Downloads\Classes\PROJECTE II (Curs 10)\EchoesOfSlumber\assets\maps\Nivell 1\AssetsDecoracion\Deco 36.png","127647"
"C:\Users\Zakaria\Downloads\Classes\PROJECTE II (Curs 10)\EchoesOfSlumber\assets\maps\Nivell 1\AssetsDecoracion\Deco 37.png","48270"
"C:\Users\Zakaria\Downloads\Classes\PROJECTE II (Curs 10)\EchoesOfSlumber\assets\maps\Nivell 1\AssetsDecoracion\Deco 38.png","84777"
"C:\Users\Zakaria\Downloads\Classes\PROJECTE II (Curs 10)\EchoesOfSlumber\assets\maps\Nivell 1\AssetsDecoracion\Deco 39.png","216029"
"C:\Users\Zakaria\Downloads\Classes\PROJECTE II (Curs 10)\EchoesOfSlumber\assets\maps\Nivell 1\AssetsDecoracion\Deco 40.png","118186"
"C:\Users\Zakaria\Downloads\Classes\PROJECTE II (Curs 10)\EchoesOfSlumber\assets\maps\Nivell 1\AssetsDecoracion\Deco 41.png","176122"
"C:\Users\Zakaria\Downloads\Classes\PROJECTE II (Curs 10)\EchoesOfSlumber\assets\maps\Nivell 1\AssetsDecoracion\Deco 42.png","77200"
"C:\Users\Zakaria\Downloads\Classes\PROJECTE II (Curs 10)\EchoesOfSlumber\assets\maps\Nivell 1\AssetsDecoracion\Deco 43.png","105033"
"C:\Users\Zakaria\Downloads\Classes\PROJECTE II (Curs 10)\EchoesOfSlumber\assets\maps\Nivell 1\AssetsDecoracion\Deco 44.png","162904"
"C:\Users\Zakaria\Downloads\Classes\PROJECTE II (Curs 10)\EchoesOfSlumber\assets\maps\Nivell 1\AssetsDecoracion\Deco 45.png","94444"
"C:\Users\Zakaria\Downloads\Classes\PROJECTE II (Curs 10)\EchoesOfSlumber\assets\maps\Nivell 1\AssetsDecoracion\Deco 46.png","113412"
"C:\Users\Zakaria\Downloads\Classes\PROJECTE II (Curs 10)\EchoesOfSlumber\assets\maps\Nivell 1\AssetsDecoracion\Deco 47.png","83887"
"C:\Users\Zakaria\Downloads\Classes\PROJECTE II (Curs 10)\EchoesOfSlumber\assets\maps\Nivell 1\AssetsDecoracion\Deco1.png","6280"
"C:\Users\Zakaria\Downloads\Classes\PROJECTE II (Curs 10)\EchoesOfSlumber\assets\maps\Nivell 1\AssetsDecoracion\Deco10.png","133143"
"C:\Users\Zakaria\Downloads\Classes\PROJECTE II (Curs 10)\EchoesOfSlumber\assets\maps\Nivell 1\AssetsDecoracion\Deco11.png","48851"
"C:\Users\Zakaria\Downloads\Classes\PROJECTE II (Curs 10)\EchoesOfSlumber\assets\maps\Nivell 1\AssetsDecoracion\Deco12.png","44755"
"C:\Users\Zakaria\Downloads\Classes\PROJECTE II (Curs 10)\EchoesOfSlumber\assets\maps\Nivell 1\AssetsDecoracion\Deco13.png","49426"
"C:\Users\Zakaria\Downloads\Classes\PROJECTE II (Curs 10)\EchoesOfSlumber\assets\maps\Nivell 1\AssetsDecoracion\Deco14.png","30032"
"C:\Users\Zakaria\Downloads\Classes\PROJECTE II (Curs 10)\EchoesOfSlumber\assets\maps\Nivell 1\AssetsDecoracion\Deco15.png","15343"
"C:\Users\Zakaria\Downloads\Classes\PROJECTE II (Curs 10)\EchoesOfSlumber\assets\maps\Nivell 1\AssetsDecoracion\Deco16.png","4001"
"C:\Users\Zakaria\Downloads\Classes\PROJECTE II (Curs 10)\EchoesOfSlumber\assets\maps\Nivell 1\AssetsDecoracion\Deco17.png","13898"
"C:\Users\Zakaria\Downloads\Classes\PROJECTE II (Curs 10)\EchoesOfSlumber\assets\maps\Nivell 1\AssetsDecoracion\Deco18.png","31095"
"C:\Users\Zakaria\Downloads\Classes\PROJECTE II (Curs 10)\EchoesOfSlumber\assets\maps\Nivell 1\AssetsDecoracion\Deco19.png","62411"
"C:\Users\Zakaria\Downloads\Classes\PROJECTE II (Curs 10)\EchoesOfSlumber\assets\maps\Nivell 1\AssetsDecoracion\Deco2.png","25710"
"C:\Users\Zakaria\Downloads\Classes\PROJECTE II (Curs 10)\EchoesOfSlumber\assets\maps\Nivell 1\AssetsDecoracion\Deco20.png","26529"
"C:\Users\Zakaria\Downloads\Classes\PROJECTE II (Curs 10)\EchoesOfSlumber\assets\maps\Nivell 1\AssetsDecoracion\Deco21.png","26413"
"C:\Users\Zakaria\Downloads\Classes\PROJECTE II (Curs 10)\EchoesOfSlumber\assets\maps\Nivell 1\AssetsDecoracion\Deco22.png","17980"
"C:\Users\Zakaria\Downloads\Classes\PROJECTE II (Curs 10)\EchoesOfSlumber\assets\maps\Nivell 1\AssetsDecoracion\Deco23.png","12380"
"C:\Users\Zakaria\Downloads\Classes\PROJECTE II (Curs 10)\EchoesOfSlumber\assets\maps\Nivell 1\AssetsDecoracion\Deco24.png","15015"
"C:\Users\Zakaria\Downloads\Classes\PROJECTE II (Curs 10)\EchoesOfSlumber\assets\maps\Nivell 1\AssetsDecoracion\Deco25.png","10056"
"C:\Users\Zakaria\Downloads\Classes\PROJECTE II (Curs 10)\EchoesOfSlumber\assets\maps\Nivell 1\AssetsDecoracion\Deco26.png","124237"
"C:\Users\Zakaria\Downloads\Classes\PROJECTE II (Curs 10)\EchoesOfSlumber\assets\maps\Nivell 1\AssetsDecoracion\Deco27.png","117204"
"C:\Users\Zakaria\Downloads\Classes\PROJECTE II (Curs 10)\EchoesOfSlumber\assets\maps\Nivell 1\AssetsDecoracion\Deco3.png","10314"
"C:\Users\Zakaria\Downloads\Classes\PROJECTE II (Curs 10)\EchoesOfSlumber\assets\maps\Nivell 1\AssetsDecoracion\Deco4.png","24415"
"C:\Users\Zakaria\Downloads\Classes\PROJECTE II (Curs 10)\EchoesOfSlumber\assets\maps\Nivell 1\AssetsDecoracion\Deco5.png","40284"
"C:\Users\Zakaria\Downloads\Classes\PROJECTE II (Curs 10)\EchoesOfSlumber\assets\maps\Nivell 1\AssetsDecoracion\Deco6.png","50414"
"C:\Users\Zakaria\Downloads\Classes\PROJECTE II (Curs 10)\EchoesOfSlumber\assets\maps\Nivell 1\AssetsDecoracion\Deco7.png","63249"
"C:\Users\Zakaria\Downloads\Classes\PROJECTE II (Curs 10)\EchoesOfSlumber\assets\maps\Nivell 1\AssetsDecoracion\Deco8.png","62148"
"C:\Users\Zakaria\Downloads\Classes\PROJECTE II (Curs 10)\EchoesOfSlumber\assets\maps\Nivell 1\AssetsDecoracion\Deco9.png","49821"
"C:\Users\Zakaria\Downloads\Classes\PROJECTE II (Curs 10)\EchoesOfSlumber\assets\maps\Nivell 1\AssetsDecoracion\Pedrolo 1.png","1149053"
"C:\Users\Zakaria\Downloads\Classes\PROJECTE II (Curs 10)\EchoesOfSlumber\assets\maps\Nivell 1\AssetsDecoracion\Pedrolo 2.png","630813"
"C:\Users\Zakaria\Downloads\Classes\PROJECTE II (Curs 10)\EchoesOfSlumber\assets\maps\Nivell 1\AssetsDecoracion\Pedrolo 3.png","546675"
"C:\Users\Zakaria\Downloads\Classes\PROJECTE II (Curs 10)\EchoesOfSlumber\assets\maps\Nivell 1\AssetsDecoracion\Pedrolo 4.png","778755"
"C:\Users\Zakaria\Downloads\Classes\PROJECTE II (Curs 10)\EchoesOfSlumber\assets\maps\Nivell 1\AssetsDecoracion\Pedrolo 5.png","383534"
"C:\Users\Zakaria\Downloads\Classes\PROJECTE II (Curs 10)\EchoesOfSlumber\assets\maps\Nivell 2\F_Nivell_2.png","271335"
"C:\Users\Zakaria\Downloads\Classes\PROJECTE II (Curs 10)\EchoesOfSlumber\assets\maps\Nivell 2\Nivel 2.png","15234942"
"C:\Users\Zakaria\Downloads\Classes\PROJECTE II (Curs 10)\EchoesOfSlumber\assets\maps\Nivell 3\F_Nivell_3.png","729448"
"C:\Users\Zakaria\Downloads\Classes\PROJECTE II (Curs 10)\EchoesOfSlumber\assets\maps\Nivell 3\Nivel 3.png","15626182"
"C:\Users\Zakaria\Downloads\Classes\PROJECTE II (Curs 10)\EchoesOfSlumber\assets\maps\Nivell 4\F_Nivell_4.jpg","448582"
"C:\Users\Zakaria\Downloads\Classes\PROJECTE II (Curs 10)\EchoesOfSlumber\assets\shaders\firefly.frag","1287"
"C:\Users\Zakaria\Downloads\Classes\PROJECTE II (Curs 10)\EchoesOfSlumber\assets\textures\animations\DrowningPlushAtaque.xml","698"
"C:\Users\Zakaria\Downloads\Classes\PROJECTE II (Curs 10)\EchoesOfSlumber\assets\textures\animations\DrowningPlushHit.xml","613"
"C:\Users\Zakaria\Downloads\Classes\PROJECTE II (Curs 10)\EchoesOfSlumber\assets\textures\animations\DrowningPlushIdleCansado.xml","715"
"C:\Users\Zakaria\Downloads\Classes\PROJECTE II (Curs 10)\EchoesOfSlumber\assets\textures\animations\DrowningPlushMoversebajosuelo.xml","730"
"C:\Users\Zakaria\Downloads\Classes\PROJECTE II (Curs 10)\EchoesOfSlumber\assets\textures\animations\DrowningPlushSumergirse.xml","712"
"C:\Users\Zakaria\Downloads\Classes\PROJECTE II (Curs 10)\EchoesOfSlumber\assets\textures\animations\empujarcajaAnimation.tsx","320"
"C:\Users\Zakaria\Downloads\Classes\PROJECTE II (Curs 10)\EchoesOfSlumber\assets\textures\animations\protagonistAnimation.xml","4161"
"C:\Users\Zakaria\Downloads\Classes\PROJECTE II (Curs 10)\EchoesOfSlumber\assets\textures\animations\protagonistClimbing.xml","317"
"C:\Users\Zakaria\Downloads\Classes\PROJECTE II (Curs 10)\EchoesOfSlumber\assets\textures\animations\stitchlingAgarrar.xml","722"
"C:\Users\Zakaria\Downloads\Classes\PROJECTE II (Curs 10)\EchoesOfSlumber\assets\textures\animations\stitchlingAlerta.xml","720"
"C:\Users\Zakaria\Downloads\Classes\PROJECTE II (Curs 10)\EchoesOfSlumber\assets\textures\animations\stitchlingDie.xml","832"
"C:\Users\Zakaria\Downloads\Classes\PROJECTE II (Curs 10)\EchoesOfSlumber\assets\textures\animations\stitchlingHit.xml","671"
"C:\Users\Zakaria\Downloads\Classes\PROJECTE II (Curs 10)\EchoesOfSlumber\assets\textures\animations\stitchlingIdle.xml","597"
"C:\Users\Zakaria\Downloads\Classes\PROJECTE II (Curs 10)\EchoesOfSlumber\assets\textures\animations\stitchlingRecogeCuerda.xml","699"
"C:\Users\Zakaria\Downloads\Classes\PROJECTE II (Curs 10)\EchoesOfSlumber\assets\textures\animations\stitchlingSueltaCuerda.xml","699"
"C:\Users\Zakaria\Downloads\Classes\PROJECTE II (Curs 10)\EchoesOfSlumber\assets\textures\animations\HealthAnimations\SS_Healthbar_Fase2-1.tsx","316"
"C:\Users\Zakaria\Downloads\Classes\PROJECTE II (Curs 10)\EchoesOfSlumber\assets\textures\animations\HealthAnimations\SS_Healthbar_Fase2-2.tsx","316"
"C:\Users\Zakaria\Downloads\Classes\PROJECTE II (Curs 10)\EchoesOfSlumber\assets\textures\animations\HealthAnimations\SS_Healthbar_Fase2-3.tsx","316"
"C:\Users\Zakaria\Downloads\Classes\PROJECTE II (Curs 10)\EchoesOfSlumber\assets\textures\animations\HealthAnimations\SS_Healthbar_Fase2-4.tsx","316"
"C:\Users\Zakaria\Downloads\Classes\PROJECTE II (Curs 10)\EchoesOfSlumber\assets\textures\animations\HealthAnimations\SS_Healthbar_Fase3-1.tsx","316"
"C:\Users\Zakaria\Downloads\Classes\PROJECTE II (Curs 10)\EchoesOfSlumber\assets\textures\animations\HealthAnimations\SS_Healthbar_Fase3-2.tsx","316"
"C:\Users\Zakaria\Downloads\Classes\PROJECTE II (Curs 10)\EchoesOfSlumber\assets\textures\animations\HealthAnimations\SS_Healthbar_Fase3-3.tsx","316"
"C:\Users\Zakaria\Downloads\Classes\PROJECTE II (Curs 10)\EchoesOfSlumber\assets\textures\animations\HealthAnimations\SS_Healthbar_Fase3-4.tsx","316"
"C:\Users\Zakaria\Downloads\Classes\PROJECTE II (Curs 10)\EchoesOfSlumber\assets\textures\animations\HealthAnimations\SS_Healthbar_Fase3-5.tsx","316"
"C:\Users\Zakaria\Downloads\Classes\PROJECTE II (Curs 10)\EchoesOfSlumber\assets\textures\animations\HealthAnimations\SS_Healthbar_Fase4-1.tsx","316"
"C:\Users\Zakaria\Downloads\Classes\PROJECTE II (Curs 10)\EchoesOfSlumber\assets\textures\animations\HealthAnimations\SS_Healthbar_Fase4-2.tsx","316"
"C:\Users\Zakaria\Downloads\Classes\PROJECTE II (Curs 10)\EchoesOfSlumber\assets\textures\animations\HealthAnimations\SS_Healthbar_Fase4-3.tsx","316"
"C:\Users\Zakaria\Downloads\Classes\PROJECTE II (Curs 10)\EchoesOfSlumber\assets\textures\animations\HealthAnimations\SS_Healthbar_Fase4-4.tsx","316"
"C:\Users\Zakaria\Downloads\Classes\PROJECTE II (Curs 10)\EchoesOfSlumber\assets\textures\animations\HealthAnimations\SS_Healthbar_Fase4-5.tsx","316"
"C:\Users\Zakaria\Downloads\Classes\PROJECTE II (Curs 10)\EchoesOfSlumber\assets\textures\animations\HealthAnimations\SS_Healthbar_Fase4-6.tsx","316"
"C:\Users\Zakaria\Downloads\Classes\PROJECTE II (Curs 10)\EchoesOfSlumber\assets\textures\AS_environment\AS_ fondo_01.PNG","240388"
"C:\Users\Zakaria\Downloads\Classes\PROJECTE II (Curs 10)\EchoesOfSlumber\assets\textures\AS_environment\AS_plantas_01.PNG","446872"
"C:\Users\Zakaria\Downloads\Classes\PROJECTE II (Curs 10)\EchoesOfSlumber\assets\textures\AS_environment\AS_plantas_02.png","366031"
"C:\Users\Zakaria\Downloads\Classes\PROJECTE II (Curs 10)\EchoesOfSlumber\assets\textures\AS_environment\AS_plantas_03.png","254117"
"C:\Users\Zakaria\Downloads\Classes\PROJECTE II (Curs 10)\EchoesOfSlumber\assets\textures\AS_environment\AS_Stalactites.png","2279099"
"C:\Users\Zakaria\Downloads\Classes\PROJECTE II (Curs 10)\EchoesOfSlumber\assets\textures\AS_environment\AS_suelo_01.PNG","583785"
"C:\Users\Zakaria\Downloads\Classes\PROJECTE II (Curs 10)\EchoesOfSlumber\assets\textures\AS_environment\AS_Nivell_02\AS_fondo_01_background.png","323124"
"C:\Users\Zakaria\Downloads\Classes\PROJECTE II (Curs 10)\EchoesOfSlumber\assets\textures\AS_environment\AS_Nivell_02\AS_fondo_01_middleground.png","2917223"
"C:\Users\Zakaria\Downloads\Classes\PROJECTE II (Curs 10)\EchoesOfSlumber\assets\textures\AS_environment\AS_Nivell_02\AS_fondo_02_background.png","260174"
"C:\Users\Zakaria\Downloads\Classes\PROJECTE II (Curs 10)\EchoesOfSlumber\assets\textures\AS_environment\AS_Nivell_02\AS_fondo_02_middleground.png","2518566"
"C:\Users\Zakaria\Downloads\Classes\PROJECTE II (Curs 10)\EchoesOfSlumber\assets\textures\AS_environment\AS_Nivell_02\AS_fondo_03_background.png","174960"
"C:\Users\Zakaria\Downloads\Classes\PROJECTE II (Curs 10)\EchoesOfSlumber\assets\textures\AS_environment\AS_Nivell_02\AS_fondo_03_middleground.png","1473447"
"C:\Users\Zakaria\Downloads\Classes\PROJECTE II (Curs 10)\EchoesOfSlumber\assets\textures\AS_environment\AS_Nivell_03\AS_fondo_01_background.png","581903"
"C:\Users\Zakaria\Downloads\Classes\PROJECTE II (Curs 10)\EchoesOfSlumber\assets\textures\AS_environment\AS_Nivell_03\AS_fondo_01_middleground.png","4559059"
"C:\Users\Zakaria\Downloads\Classes\PROJECTE II (Curs 10)\EchoesOfSlumber\assets\textures\AS_environment\AS_Nivell_03\AS_fondo_02_background.png","2413798"
"C:\Users\Zakaria\Downloads\Classes\PROJECTE II (Curs 10)\EchoesOfSlumber\assets\textures\AS_environment\AS_Nivell_03\AS_fondo_02_middleground.png","3726571"
"C:\Users\Zakaria\Downloads\Classes\PROJECTE II (Curs 10)\EchoesOfSlumber\assets\textures\AS_environment\Fons (tots els nivells)\F_Nivell_1.1.png","1109275"
"C:\Users\Zakaria\Downloads\Classes\PROJECTE II (Curs 10)\EchoesOfSlumber\assets\textures\AS_environment\Fons (tots els nivells)\F_Nivell_1.2.png","1096636"
"C:\Users\Zakaria\Downloads\Classes\PROJECTE II (Curs 10)\EchoesOfSlumber\assets\textures\AS_environment\Fons (tots els nivells)\F_Nivell_2.png","271335"
"C:\Users\Zakaria\Downloads\Classes\PROJECTE II (Curs 10)\EchoesOfSlumber\assets\textures\AS_environment\Fons (tots els nivells)\F_Nivell_3.png","729448"
"C:\Users\Zakaria\Downloads\Classes\PROJECTE II (Curs 10)\EchoesOfSlumber\assets\textures\AS_environment\Fons (tots els nivells)\F_Nivell_4.jpg","448582"
"C:\Users\Zakaria\Downloads\Classes\PROJECTE II (Curs 10)\EchoesOfSlumber\assets\textures\AS_environment\Fons (tots els nivells)\Nota.txt","0"
"C:\Users\Zakaria\Downloads\Classes\PROJECTE II (Curs 10)\EchoesOfSlumber\assets\textures\AS_environment\redissenys assets_Nivell 1\AS_Nivell_01\AS_pedresgrans.png","2214097"
"C:\Users\Zakaria\Downloads\Classes\PROJECTE II (Curs 10)\EchoesOfSlumber\assets\textures\AS_environment\redissenys assets_Nivell 1\AS_Nivell_01\AS_roca_arrastrar_01.png","364662"
"C:\Users\Zakaria\Downloads\Classes\PROJECTE II (Curs 10)\EchoesOfSlumber\assets\textures\AS_environment\redissenys assets_Nivell 1\AS_Nivell_01\AS_roca_escondite_01.png","282140"
"C:\Users\Zakaria\Downloads\Classes\PROJECTE II (Curs 10)\EchoesOfSlumber\assets\textures\AS_environment\redissenys assets_Nivell 1\AS_Nivell_01\AS_roca_escondite_02.png","499801"
"C:\Users\Zakaria\Downloads\Classes\PROJECTE II (Curs 10)\EchoesOfSlumber\assets\textures\AS_environment\redissenys assets_Nivell 1\AS_Nivell_01\AS_roca_escondite_03.png","221324"
"C:\Users\Zakaria\Downloads\Classes\PROJECTE II (Curs 10)\EchoesOfSlumber\assets\textures\AS_environment\redissenys assets_Nivell 1\AS_Nivell_01\NOTA(leer).txt","361"
"C:\Users\Zakaria\Downloads\Classes\PROJECTE II (Curs 10)\EchoesOfSlumber\assets\textures\cinematica final\Cinem?tica.mov","9950312"
"C:\Users\Zakaria\Downloads\Classes\PROJECTE II (Curs 10)\EchoesOfSlumber\assets\textures\fons_enviroment\AS_Pedresgrans.png","3812912"
"C:\Users\Zakaria\Downloads\Classes\PROJECTE II (Curs 10)\EchoesOfSlumber\assets\textures\fons_enviroment\Map2.png","49318710"
"C:\Users\Zakaria\Downloads\Classes\PROJECTE II (Curs 10)\EchoesOfSlumber\assets\textures\fons_enviroment\Map4\map4_referencia.png","381047"
"C:\Users\Zakaria\Downloads\Classes\PROJECTE II (Curs 10)\EchoesOfSlumber\assets\textures\fons_enviroment\Map4\notas (leeer).txt","229"
"C:\Users\Zakaria\Downloads\Classes\PROJECTE II (Curs 10)\EchoesOfSlumber\assets\textures\icons\icon.ico","199714"
"C:\Users\Zakaria\Downloads\Classes\PROJECTE II (Curs 10)\EchoesOfSlumber\assets\textures\icons\icon.png","210238"
"C:\Users\Zakaria\Downloads\Classes\PROJECTE II (Curs 10)\EchoesOfSlumber\assets\textures\Menu\UI_Kid_Fragmented1.png","376665"
"C:\Users\Zakaria\Downloads\Classes\PROJECTE II (Curs 10)\EchoesOfSlumber\assets\textures\Menu\UI_Kid_Fragmented2.png","310478"
"C:\Users\Zakaria\Downloads\Classes\PROJECTE II (Curs 10)\EchoesOfSlumber\assets\textures\Menu\UI_Separator.png","2447"
"C:\Users\Zakaria\Downloads\Classes\PROJECTE II (Curs 10)\EchoesOfSlumber\assets\textures\ND_Notes\Nota1.png","2327704"
"C:\Users\Zakaria\Downloads\Classes\PROJECTE II (Curs 10)\EchoesOfSlumber\assets\textures\ND_Notes\Nota2.png","2408204"
"C:\Users\Zakaria\Downloads\Classes\PROJECTE II (Curs 10)\EchoesOfSlumber\assets\textures\ND_Notes\Nota3.png","2389552"
"C:\Users\Zakaria\Downloads\Classes\PROJECTE II (Curs 10)\EchoesOfSlumber\assets\textures\ND_Notes\Nota4.png","2404352"
"C:\Users\Zakaria\Downloads\Classes\PROJECTE II (Curs 10)\EchoesOfSlumber\assets\textures\ND_Notes\Note_Colectible.png","605586"
"C:\Users\Zakaria\Downloads\Classes\PROJECTE II (Curs 10)\EchoesOfSlumber\assets\textures\spritesheets\UI_Loading_Kid-animation.gif","32668"
"C:\Users\Zakaria\Downloads\Classes\PROJECTE II (Curs 10)\EchoesOfSlumber\assets\textures\spritesheets\Spritesheets Prota i Oso color\SS_nen_llencant_oso-Pintado.png","984317"
"C:\Users\Zakaria\Downloads\Classes\PROJECTE II (Curs 10)\EchoesOfSlumber\assets\textures\spritesheets\Spritesheets Prota i Oso color\Aixecant-se\ss_Aixecant-se_FINAL.png","860581"
"C:\Users\Zakaria\Downloads\Classes\PROJECTE II (Curs 10)\EchoesOfSlumber\assets\textures\spritesheets\Spritesheets Prota i Oso color\Aixecant-se\ss_despertantse.png","860581"
"C:\Users\Zakaria\Downloads\Classes\PROJECTE II (Curs 10)\EchoesOfSlumber\assets\textures\spritesheets\Spritesheets Prota i Oso color\Idle\SS_idle_corregit-Pintado.png","331541"
"C:\Users\Zakaria\Downloads\Classes\PROJECTE II (Curs 10)\EchoesOfSlumber\assets\textures\spritesheets\Spritesheets Prota i Oso color\Nuevos cuerda i sorpresa\Corda es deslliga-Pintado.png","290583"
"C:\Users\Zakaria\Downloads\Classes\PROJECTE II (Curs 10)\EchoesOfSlumber\assets\textures\spritesheets\Spritesheets Prota i Oso color\Nuevos cuerda i sorpresa\Corda es lliga-Pintado.png","311385"
"C:\Users\Zakaria\Downloads\Classes\PROJECTE II (Curs 10)\EchoesOfSlumber\assets\textures\spritesheets\Spritesheets Prota i Oso color\Nuevos cuerda i sorpresa\Sorpresa-Pintado.png","395532"
"C:\Users\Zakaria\Downloads\Classes\PROJECTE II (Curs 10)\EchoesOfSlumber\assets\textures\spritesheets\Spritesheets Prota i Oso color\Prota corregido\Correr-Pintado (1).png","425163"
"C:\Users\Zakaria\Downloads\Classes\PROJECTE II (Curs 10)\EchoesOfSlumber\assets\textures\spritesheets\Spritesheets Prota i Oso color\Prota corregido\Damage-Pintado.png","333129"
"C:\Users\Zakaria\Downloads\Classes\PROJECTE II (Curs 10)\EchoesOfSlumber\assets\textures\spritesheets\Spritesheets Prota i Oso color\Prota corregido\Deixar de moure caixa-Pintado.png","205092"
"C:\Users\Zakaria\Downloads\Classes\PROJECTE II (Curs 10)\EchoesOfSlumber\assets\textures\spritesheets\Spritesheets Prota i Oso color\Prota corregido\Despertarse.png","860581"
"C:\Users\Zakaria\Downloads\Classes\PROJECTE II (Curs 10)\EchoesOfSlumber\assets\textures\spritesheets\Spritesheets Prota i Oso color\Prota corregido\Gir-Pintado.png","280341"
"C:\Users\Zakaria\Downloads\Classes\PROJECTE II (Curs 10)\EchoesOfSlumber\assets\textures\spritesheets\Spritesheets Prota i Oso color\Prota corregido\Morir-Pintado.png","295355"
"C:\Users\Zakaria\Downloads\Classes\PROJECTE II (Curs 10)\EchoesOfSlumber\assets\textures\spritesheets\Spritesheets Prota i Oso color\Prota corregido\Moure caixa-Pintat.png","701985"
"C:\Users\Zakaria\Downloads\Classes\PROJECTE II (Curs 10)\EchoesOfSlumber\assets\textures\spritesheets\Spritesheets Prota i Oso color\Prota corregido\Parar de correr-Pintado.png","157725"
"C:\Users\Zakaria\Downloads\Classes\PROJECTE II (Curs 10)\EchoesOfSlumber\assets\textures\spritesheets\Spritesheets Prota i Oso color\Prota corregido\Salt-Pintado.png","615275"
"C:\Users\Zakaria\Downloads\Classes\PROJECTE II (Curs 10)\EchoesOfSlumber\assets\textures\spritesheets\Spritesheets Prota i Oso color\Prota corregido\SS_crouch-Pintado.png","418931"
"C:\Users\Zakaria\Downloads\Classes\PROJECTE II (Curs 10)\EchoesOfSlumber\assets\textures\spritesheets\Spritesheets Prota i Oso color\Prota corregido\SS_da?o_yoyo_pintado.png","127386"
"C:\Users\Zakaria\Downloads\Classes\PROJECTE II (Curs 10)\EchoesOfSlumber\assets\textures\spritesheets\Spritesheets Prota i Oso color\Prota corregido\SS_idle_corregit-Pintado.png","333710"
"C:\Users\Zakaria\Downloads\Classes\PROJECTE II (Curs 10)\EchoesOfSlumber\assets\textures\spritesheets\Spritesheets Prota i Oso color\Prota corregido\SS_Tiraxines-Pintado.png","827924"
"C:\Users\Zakaria\Downloads\Classes\PROJECTE II (Curs 10)\EchoesOfSlumber\assets\textures\spritesheets\Spritesheets Prota i Oso color\Prota mal\Correr-Pintado.png","423795"
"C:\Users\Zakaria\Downloads\Classes\PROJECTE II (Curs 10)\EchoesOfSlumber\assets\textures\spritesheets\Spritesheets Prota i Oso color\Prota mal\Damage-Pintado.png","331905"
"C:\Users\Zakaria\Downloads\Classes\PROJECTE II (Curs 10)\EchoesOfSlumber\assets\textures\spritesheets\Spritesheets Prota i Oso color\Prota mal\Deixar de moure caixa-Pintado.png","200246"
"C:\Users\Zakaria\Downloads\Classes\PROJECTE II (Curs 10)\EchoesOfSlumber\assets\textures\spritesheets\Spritesheets Prota i Oso color\Prota mal\Gir-Pintado.png","279072"
"C:\Users\Zakaria\Downloads\Classes\PROJECTE II (Curs 10)\EchoesOfSlumber\assets\textures\spritesheets\Spritesheets Prota i Oso color\Prota mal\Morir-Pintado.png","293062"
"C:\Users\Zakaria\Downloads\Classes\PROJECTE II (Curs 10)\EchoesOfSlumber\assets\textures\spritesheets\Spritesheets Prota i Oso color\Prota mal\Moure caixa-Pintat.png","698334"
"C:\Users\Zakaria\Downloads\Classes\PROJECTE II (Curs 10)\EchoesOfSlumber\assets\textures\spritesheets\Spritesheets Prota i Oso color\Prota mal\Parar de correr-Pintado.png","156467"
"C:\Users\Zakaria\Downloads\Classes\PROJECTE II (Curs 10)\EchoesOfSlumber\assets\textures\spritesheets\Spritesheets Prota i Oso color\Prota mal\Salt-Pintado.png","613945"
"C:\Users\Zakaria\Downloads\Classes\PROJECTE II (Curs 10)\EchoesOfSlumber\assets\textures\spritesheets\Spritesheets Prota i Oso color\Prota mal\SS_crouch-Pintado.png","417349"
"C:\Users\Zakaria\Downloads\Classes\PROJECTE II (Curs 10)\EchoesOfSlumber\assets\textures\spritesheets\Spritesheets Prota i Oso color\Prota mal\SS_da?o_yoyo_pintado.png","127386"
"C:\Users\Zakaria\Downloads\Classes\PROJECTE II (Curs 10)\EchoesOfSlumber\assets\textures\spritesheets\Spritesheets Prota i Oso color\Prota mal\SS_Tiraxines-Pintado.png","825494"
"C:\Users\Zakaria\Downloads\Classes\PROJECTE II (Curs 10)\EchoesOfSlumber\assets\textures\spritesheets\SS Individual\spritesheet_bordillo.png","359841"
"C:\Users\Zakaria\Downloads\Classes\PROJECTE II (Curs 10)\EchoesOfSlumber\assets\textures\spritesheets\SS Individual\spritesheet_prota_quiet.png","24295"
"C:\Users\Zakaria\Downloads\Classes\PROJECTE II (Curs 10)\EchoesOfSlumber\assets\textures\spritesheets\SS Individual\spritesheet_prota_run_color.png","188081"
"C:\Users\Zakaria\Downloads\Classes\PROJECTE II (Curs 10)\EchoesOfSlumber\assets\textures\spritesheets\SS Individual\SS_Damage.png","105850"
"C:\Users\Zakaria\Downloads\Classes\PROJECTE II (Curs 10)\EchoesOfSlumber\assets\textures\spritesheets\SS Individual\SS_da?o_yoyo_pintado.png","127386"
"C:\Users\Zakaria\Downloads\Classes\PROJECTE II (Curs 10)\EchoesOfSlumber\assets\textures\spritesheets\SS Individual\SS_Death.png","96052"
"C:\Users\Zakaria\Downloads\Classes\PROJECTE II (Curs 10)\EchoesOfSlumber\assets\textures\spritesheets\SS Individual\SS_Despertar.png","860825"
"C:\Users\Zakaria\Downloads\Classes\PROJECTE II (Curs 10)\EchoesOfSlumber\assets\textures\spritesheets\SS Individual\SS_despertar_def.png","887675"
"C:\Users\Zakaria\Downloads\Classes\PROJECTE II (Curs 10)\EchoesOfSlumber\assets\textures\spritesheets\SS Individual\SS_Hide.png","135035"
"C:\Users\Zakaria\Downloads\Classes\PROJECTE II (Curs 10)\EchoesOfSlumber\assets\textures\spritesheets\SS Individual\SS_Idle-Sheet-export.png","159176"
"C:\Users\Zakaria\Downloads\Classes\PROJECTE II (Curs 10)\EchoesOfSlumber\assets\textures\spritesheets\SS Individual\SS_Idle.png","122747"
"C:\Users\Zakaria\Downloads\Classes\PROJECTE II (Curs 10)\EchoesOfSlumber\assets\textures\spritesheets\SS Individual\SS_Jump.png","118735"
"C:\Users\Zakaria\Downloads\Classes\PROJECTE II (Curs 10)\EchoesOfSlumber\assets\textures\spritesheets\SS Individual\SS_Run.png","152972"
"C:\Users\Zakaria\Downloads\Classes\PROJECTE II (Curs 10)\EchoesOfSlumber\assets\textures\spritesheets\SS Individual\SS_Turnaround.png","94909"
"C:\Users\Zakaria\Downloads\Classes\PROJECTE II (Curs 10)\EchoesOfSlumber\assets\textures\spritesheets\SS_Enemics_Level2\spritesheet_Wind_Up_Scurry_Walk_Fast.png","38498"
"C:\Users\Zakaria\Downloads\Classes\PROJECTE II (Curs 10)\EchoesOfSlumber\assets\textures\spritesheets\SS_Enemics_Nivell3\Boton.png","12770"
"C:\Users\Zakaria\Downloads\Classes\PROJECTE II (Curs 10)\EchoesOfSlumber\assets\textures\spritesheets\SS_environment\SS_Nivell_02\SS_Asset 16.png","14513688"
"C:\Users\Zakaria\Downloads\Classes\PROJECTE II (Curs 10)\EchoesOfSlumber\assets\textures\spritesheets\SS_environment\SS_Nivell_03\SS_Asset 16.png","19694516"
"C:\Users\Zakaria\Downloads\Classes\PROJECTE II (Curs 10)\EchoesOfSlumber\assets\textures\spritesheets\SS_environment\SS_puerta\SS_porta_trencantse_lvl1.png","1142002"
"C:\Users\Zakaria\Downloads\Classes\PROJECTE II (Curs 10)\EchoesOfSlumber\assets\textures\spritesheets\SS_environment\SS_puerta\SS_porta_trencantse_lvl2.png","1142542"
"C:\Users\Zakaria\Downloads\Classes\PROJECTE II (Curs 10)\EchoesOfSlumber\assets\textures\spritesheets\SS_environment\SS_puerta\SS_porta_trencantse_lvl3.png","1138890"
"C:\Users\Zakaria\Downloads\Classes\PROJECTE II (Curs 10)\EchoesOfSlumber\assets\textures\spritesheets\SS_environment\SS_puerta\SS_porta_trencantse_lvl4.png","1140159"
"C:\Users\Zakaria\Downloads\Classes\PROJECTE II (Curs 10)\EchoesOfSlumber\assets\textures\spritesheets\SS_environment\tsx\planta_01.tsx","2670"
"C:\Users\Zakaria\Downloads\Classes\PROJECTE II (Curs 10)\EchoesOfSlumber\assets\textures\spritesheets\SS_environment\tsx\planta_02.tsx","2669"
"C:\Users\Zakaria\Downloads\Classes\PROJECTE II (Curs 10)\EchoesOfSlumber\assets\textures\spritesheets\SS_environment\tsx\planta_03.tsx","2670"
"C:\Users\Zakaria\Downloads\Classes\PROJECTE II (Curs 10)\EchoesOfSlumber\assets\textures\spritesheets\SS_environment\tsx\planta_04.tsx","2670"
"C:\Users\Zakaria\Downloads\Classes\PROJECTE II (Curs 10)\EchoesOfSlumber\assets\textures\spritesheets\SS_environment\tsx\planta_05.tsx","2670"
"C:\Users\Zakaria\Downloads\Classes\PROJECTE II (Curs 10)\EchoesOfSlumber\assets\textures\spritesheets\SS_environment\tsx\planta_06.tsx","2670"
"C:\Users\Zakaria\Downloads\Classes\PROJECTE II (Curs 10)\EchoesOfSlumber\assets\textures\spritesheets\SS_environment\tsx\planta_07.tsx","2669"
"C:\Users\Zakaria\Downloads\Classes\PROJECTE II (Curs 10)\EchoesOfSlumber\assets\textures\spritesheets\SS_environment\tsx\planta_08.tsx","2672"
"C:\Users\Zakaria\Downloads\Classes\PROJECTE II (Curs 10)\EchoesOfSlumber\assets\textures\spritesheets\SS_environment\tsx\planta_09.tsx","2670"
"C:\Users\Zakaria\Downloads\Classes\PROJECTE II (Curs 10)\EchoesOfSlumber\assets\textures\spritesheets\SS_environment\tsx\planta_10.tsx","2670"
"C:\Users\Zakaria\Downloads\Classes\PROJECTE II (Curs 10)\EchoesOfSlumber\assets\textures\spritesheets\SS_environment\tsx\planta_11.tsx","2670"
"C:\Users\Zakaria\Downloads\Classes\PROJECTE II (Curs 10)\EchoesOfSlumber\assets\textures\spritesheets\SS_environment\tsx\planta_12.tsx","2669"
"C:\Users\Zakaria\Downloads\Classes\PROJECTE II (Curs 10)\EchoesOfSlumber\assets\textures\spritesheets\SS_environment\tsx\planta_13.tsx","2667"
"C:\Users\Zakaria\Downloads\Classes\PROJECTE II (Curs 10)\EchoesOfSlumber\assets\textures\spritesheets\SS_environment\tsx\planta_14.tsx","2670"
"C:\Users\Zakaria\Downloads\Classes\PROJECTE II (Curs 10)\EchoesOfSlumber\assets\textures\spritesheets\SS_environment\tsx\planta_15.tsx","2670"
"C:\Users\Zakaria\Downloads\Classes\PROJECTE II (Curs 10)\EchoesOfSlumber\assets\textures\spritesheets\SS_environment\tsx\planta_16.tsx","2670"
"C:\Users\Zakaria\Downloads\Classes\PROJECTE II (Curs 10)\EchoesOfSlumber\assets\textures\spritesheets\SS_environment\tsx\planta_17.tsx","2671"
"C:\Users\Zakaria\Downloads\Classes\PROJECTE II (Curs 10)\EchoesOfSlumber\assets\textures\spritesheets\SS_environment\tsx\planta_18.tsx","2670"
"C:\Users\Zakaria\Downloads\Classes\PROJECTE II (Curs 10)\EchoesOfSlumber\assets\textures\spritesheets\SS_environment\tsx\planta_19.tsx","2670"
"C:\Users\Zakaria\Downloads\Classes\PROJECTE II (Curs 10)\EchoesOfSlumber\assets\textures\spritesheets\SS_VFX\Dany prota vfx.png","51845"
"C:\Users\Zakaria\Downloads\Classes\PROJECTE II (Curs 10)\EchoesOfSlumber\assets\textures\spritesheets\SS_VFX\Dany tirachines vfx.png","72165"
"C:\Users\Zakaria\Downloads\Classes\PROJECTE II (Curs 10)\EchoesOfSlumber\assets\textures\TL_environment\plat_4tilesLvl4.png","7891"
"C:\Users\Zakaria\Downloads\Classes\PROJECTE II (Curs 10)\EchoesOfSlumber\assets\textures\TL_environment\TL_fondo_01.PNG","353383"
"C:\Users\Zakaria\Downloads\Classes\PROJECTE II (Curs 10)\EchoesOfSlumber\assets\textures\TL_environment\TL_fondo_02.png","679113"
"C:\Users\Zakaria\Downloads\Classes\PROJECTE II (Curs 10)\EchoesOfSlumber\assets\textures\TL_environment\TL_fondo_03.png","552449"
"C:\Users\Zakaria\Downloads\Classes\PROJECTE II (Curs 10)\EchoesOfSlumber\assets\textures\TL_environment\TL_fondo_04.png","207257"
"C:\Users\Zakaria\Downloads\Classes\PROJECTE II (Curs 10)\EchoesOfSlumber\assets\textures\TL_environment\TL_interactius_01.PNG","842172"
"C:\Users\Zakaria\Downloads\Classes\PROJECTE II (Curs 10)\EchoesOfSlumber\assets\textures\TL_environment\TL_plantas_02.png","452606"
"C:\Users\Zakaria\Downloads\Classes\PROJECTE II (Curs 10)\EchoesOfSlumber\assets\textures\TL_environment\TL_plantas_03.png","252712"
"C:\Users\Zakaria\Downloads\Classes\PROJECTE II (Curs 10)\EchoesOfSlumber\assets\textures\TL_environment\TL_TerraBlau_01.png","309373"
"C:\Users\Zakaria\Downloads\Classes\PROJECTE II (Curs 10)\EchoesOfSlumber\assets\textures\TL_environment\TL_nivel_01\TL_Nivel_01.png","256250"
"C:\Users\Zakaria\Downloads\Classes\PROJECTE II (Curs 10)\EchoesOfSlumber\assets\textures\UI\memo_1.1.jpg","545143"
"C:\Users\Zakaria\Downloads\Classes\PROJECTE II (Curs 10)\EchoesOfSlumber\assets\textures\UI\memo_1.2.jpg","434774"
"C:\Users\Zakaria\Downloads\Classes\PROJECTE II (Curs 10)\EchoesOfSlumber\assets\textures\UI\memo_2.1-1.jpg","490832"
"C:\Users\Zakaria\Downloads\Classes\PROJECTE II (Curs 10)\EchoesOfSlumber\assets\textures\UI\memo_2.2.jpg","228511"
"C:\Users\Zakaria\Downloads\Classes\PROJECTE II (Curs 10)\EchoesOfSlumber\assets\textures\UI\memo_3.1.jpg","561279"
"C:\Users\Zakaria\Downloads\Classes\PROJECTE II (Curs 10)\EchoesOfSlumber\assets\textures\UI\memo_3.2.jpg","508494"
"C:\Users\Zakaria\Downloads\Classes\PROJECTE II (Curs 10)\EchoesOfSlumber\assets\textures\UI\memo_3.3.jpg","530207"
"C:\Users\Zakaria\Downloads\Classes\PROJECTE II (Curs 10)\EchoesOfSlumber\assets\textures\UI\UI_Button_White.png","10868"
"C:\Users\Zakaria\Downloads\Classes\PROJECTE II (Curs 10)\EchoesOfSlumber\assets\textures\UI\UI_Dialogue_Box_Boss.png","48306"
"C:\Users\Zakaria\Downloads\Classes\PROJECTE II (Curs 10)\EchoesOfSlumber\assets\textures\UI\UI_Dialogue_Box_Boss_v2.png","46804"
"C:\Users\Zakaria\Downloads\Classes\PROJECTE II (Curs 10)\EchoesOfSlumber\assets\textures\UI\UI_Dialogue_Box_Normal.png","20572"
"C:\Users\Zakaria\Downloads\Classes\PROJECTE II (Curs 10)\EchoesOfSlumber\assets\textures\UI\UI_Fragmented_button_empty.png","9719"
"C:\Users\Zakaria\Downloads\Classes\PROJECTE II (Curs 10)\EchoesOfSlumber\assets\textures\UI\UI_Fragment_Collectible.png","52406"
"C:\Users\Zakaria\Downloads\Classes\PROJECTE II (Curs 10)\EchoesOfSlumber\assets\textures\UI\UI_GameOver_Screen_Base.png","111329"
"C:\Users\Zakaria\Downloads\Classes\PROJECTE II (Curs 10)\EchoesOfSlumber\assets\textures\UI\UI_GameOver_Separate.png","148908"
"C:\Users\Zakaria\Downloads\Classes\PROJECTE II (Curs 10)\EchoesOfSlumber\assets\textures\UI\UI_GameOver_Text.png","35167"
"C:\Users\Zakaria\Downloads\Classes\PROJECTE II (Curs 10)\EchoesOfSlumber\assets\textures\UI\UI_Icon_Contador_Slingshot.png","6617"
"C:\Users\Zakaria\Downloads\Classes\PROJECTE II (Curs 10)\EchoesOfSlumber\assets\textures\UI\UI_Memory_Fragment_1.1.png","204416"
"C:\Users\Zakaria\Downloads\Classes\PROJECTE II (Curs 10)\EchoesOfSlumber\assets\textures\UI\UI_Memory_Fragment_1.2.png","173836"
"C:\Users\Zakaria\Downloads\Classes\PROJECTE II (Curs 10)\EchoesOfSlumber\assets\textures\UI\UI_Memory_Fragment_2.1.png","112936"
"C:\Users\Zakaria\Downloads\Classes\PROJECTE II (Curs 10)\EchoesOfSlumber\assets\textures\UI\UI_Memory_Fragment_2.2.png","130514"
"C:\Users\Zakaria\Downloads\Classes\PROJECTE II (Curs 10)\EchoesOfSlumber\assets\textures\UI\UI_Memory_Fragment_3.1.png","161620"
"C:\Users\Zakaria\Downloads\Classes\PROJECTE II (Curs 10)\EchoesOfSlumber\assets\textures\UI\UI_Memory_Fragment_3.2.png","157087"
"C:\Users\Zakaria\Downloads\Classes\PROJECTE II (Curs 10)\EchoesOfSlumber\assets\textures\UI\UI_Memory_Fragment_3.3.png","167075"
"C:\Users\Zakaria\Downloads\Classes\PROJECTE II (Curs 10)\EchoesOfSlumber\assets\textures\UI\UI_Menu_Valentia_Abilities.png","26693"
"C:\Users\Zakaria\Downloads\Classes\PROJECTE II (Curs 10)\EchoesOfSlumber\assets\textures\UI\UI_Menu_Valentia_Barra_Empty.png","3900"
"C:\Users\Zakaria\Downloads\Classes\PROJECTE II (Curs 10)\EchoesOfSlumber\assets\textures\UI\UI_Menu_Valentia_Barra_Full.png","3928"
"C:\Users\Zakaria\Downloads\Classes\PROJECTE II (Curs 10)\EchoesOfSlumber\assets\textures\UI\UI_Menu_Valentia_Base.png","19044"
"C:\Users\Zakaria\Downloads\Classes\PROJECTE II (Curs 10)\EchoesOfSlumber\assets\textures\UI\UI_Menu_Valentia_Message_Base.png","3940"
"C:\Users\Zakaria\Downloads\Classes\PROJECTE II (Curs 10)\EchoesOfSlumber\assets\textures\UI\UI_Menu_Valentia_Upgrades.png","24038"
"C:\Users\Zakaria\Downloads\Classes\PROJECTE II (Curs 10)\EchoesOfSlumber\assets\textures\UI\UI_NEW_Sound_Menu_Base.png","130868"
"C:\Users\Zakaria\Downloads\Classes\PROJECTE II (Curs 10)\EchoesOfSlumber\assets\textures\UI\UI_Pause_Menu_Kid.png","96770"
"C:\Users\Zakaria\Downloads\Classes\PROJECTE II (Curs 10)\EchoesOfSlumber\assets\textures\UI\UI_Settings_Main_Menu.png","79176"
"C:\Users\Zakaria\Downloads\Classes\PROJECTE II (Curs 10)\EchoesOfSlumber\assets\textures\UI\UI_Sound_Bar_Empty.png","4075"
"C:\Users\Zakaria\Downloads\Classes\PROJECTE II (Curs 10)\EchoesOfSlumber\assets\textures\UI\UI_Sound_Bar_Full.png","4205"
"C:\Users\Zakaria\Downloads\Classes\PROJECTE II (Curs 10)\EchoesOfSlumber\assets\textures\UI\UI_Sound_Bar_Indicator.png","3175"
"C:\Users\Zakaria\Downloads\Classes\PROJECTE II (Curs 10)\EchoesOfSlumber\assets\textures\UI\Minigame Drop Doll\UI_DropDoll_Game_Frame.png","50370"
"C:\Users\Zakaria\Downloads\Classes\PROJECTE II (Curs 10)\EchoesOfSlumber\assets\video\Animatica_Enbrut.mp4","3433924"
"C:\Users\Zakaria\Downloads\Classes\PROJECTE II (Curs 10)\EchoesOfSlumber\assets\video\test.mp4","19910232"
"C:\Users\Zakaria\Downloads\Classes\PROJECTE II (Curs 10)\EchoesOfSlumber\assets\video\UI_Level1_Intro.mp4","2560086"
"C:\Users\Zakaria\Downloads\Classes\PROJECTE II (Curs 10)\EchoesOfSlumber\assets\video\UI_Level2_Intro.mp4","2261310"
"C:\Users\Zakaria\Downloads\Classes\PROJECTE II (Curs 10)\EchoesOfSlumber\assets\video\UI_Level3_Intro.mp4","2127214"
"C:\Users\Zakaria\Downloads\Classes\PROJECTE II (Curs 10)\EchoesOfSlumber\assets\video\UI_Level4_Intro.mp4","2367012"
